song_id,country,Number_of_times
AAAPkzCF7rHnmq2sDszeavqsjA==,BR,1036
AAoKBgt8hThuWNSesr5XQqFQ5g==,MX,1115
AAvniKqnH/Q5RwIoFypCvTj3NQ==,FR,1596
AAyZ0NziWZPjgiWOWaqOSpryiw==,BR,3277
AA7Jh3FuJHM6Zy+D/kmg0PhXFA==,DE,3950
ABGi7c6Xm3haPMJxYxbDiE/TwA==,BR,1263
ABHYqPxm+ASpMPEgNcDAD91h9g==,FR,1407
ACPaAsom7MXsz2EtcD0Tyxl4yg==,FR,2079
ACXu7/8Vq1419bjBWETHpdg31w==,BR,5676
ACfKOdd16jj94Cf00cx5gYhW2Q==,BR,1531
ACfKOdd16jj94Cf00cx5gYhW2Q==,FR,6225
ADQYYlgX5b1OBxj7Dmjc5Pg+/w==,FR,2529
ADeel3Y78kSON1QQfH2BwXtcTg==,FR,1310
AD58t07kd/SVoT3SpnA5IH+ibw==,FR,2985
AEAwCnvNkuyD+R3qNzSbNLSHNw==,TR,1641
AEC6KaRlrgO3M4vauYdN1t2g1g==,FR,1369
AESG5rr2cbr7wWWXyIP7fIYSHw==,BR,3988
AEdjc76GnP929OKTmdBmghSg+Q==,BR,1007
AEuMIgsSwrFYz/KShYwshLkHNA==,BR,4136
AE6Dc55c2eQ8TiPGWLb1y1tRqw==,FR,1448
AFImG7EyVRWxoB3ZrsU5CpTVfA==,FR,1419
AFLk45izd/PsmxQ8CfH9UyOTew==,FR,1463
AFNqtWTdux1p5C+Bnv+yW8yBFQ==,CO,2677
AFNqtWTdux1p5C+Bnv+yW8yBFQ==,MX,1762
AFcBCRPhd02XmcX8Qcs4AujJFw==,BR,2293
AFhD+GnYtnnZgbw1lUV4Qoc6jg==,BR,1005
AFigRXxxQg+s1vDX6z6WgXMo7g==,FR,1265
AFigRXxxQg+s1vDX6z6WgXMo7g==,BR,2729
AFzs6HBcVtVNh0bppP6htQkisA==,FR,30657
AF6o9rIzHB7wza22CpAFW0fMQg==,FR,1134
AF6o9rIzHB7wza22CpAFW0fMQg==,GB,1020
AGApAjtQQogSm8y0K10RHuUKqg==,FR,1542
AGOv6LXEl5nlspiaCKtZ6sKJNA==,BR,1706
AGPjLXVgIDoGSAHFaf3iMs/zcQ==,FR,4656
AG2vwQOt/tX7rrxONDmppmVNvg==,BR,14608
AG8J9mNzB9tf6F0He6FqfxV8IQ==,FR,1066
AHg/bbnFzTBebMiFkApfKN3LEw==,BR,1221
AHhR2E3Ze9wpPacsEPpBh8JiXg==,BR,2003
AH1ROJdb+NvyJMPkGtLS0lHAsQ==,FR,1337
AH9io/UUkTRJdaXF+avTsywmYw==,FR,5893
AH9io/UUkTRJdaXF+avTsywmYw==,BR,4627
AJXU3gVNqTsLFPq3gd6+Oibpug==,FR,3216
AJYbw50hRkjvaFpmRhdyR2tSYg==,FR,1051
AJtmGzG9XOJq0htN3S/DOpa+Zg==,BR,1594
AKe95jbUYZv99VP9yZ5Ffu5Kzw==,FR,8656
AKiiSozcWwo6UpV5kYHhH620gQ==,FR,1439
AKlYlWcABFmDuOQD30qEP/xMUw==,MX,1036
AKlYlWcABFmDuOQD30qEP/xMUw==,FR,14159
AKlYlWcABFmDuOQD30qEP/xMUw==,BR,9744
AKlYlWcABFmDuOQD30qEP/xMUw==,DE,2168
ALMB/xgQHKI6Wt0M98SGlKKImg==,FR,1373
ALMZ5IAy/k7MAlBFyycFA5RWOg==,DE,2896
ALSgCdbdcSNPQrTJI3YC4sK6GA==,MX,1537
ALXWp/Qnqy07KiMAjh+3ZH6YBw==,DE,1711
ALYI4xMKnb8kKkXHk+hhhWeSWw==,BR,1455
ALfc4pHh8BHyTiMuFxpQ1eSEIA==,BR,2970
ALm01YixkrEMI+PjlhfvP7v8hg==,FR,1065
ALqP0jYOYLSbSzRNn2YRWT1ilg==,FR,1290
AL/FBQwSXqHNHKpZE8b8dsFaYQ==,FR,1635
AMUK//IXQ1dcGasrbJN5ob+Nog==,FR,1854
AMY2CIzlYgcypGXflJZWWUpvUg==,FR,2877
AM9hbaajJnsk948qcCXV2sAKFg==,FR,20176
ANR/yOuIDlpszF407Io8S+Bkmg==,FR,1023
ANR/yOuIDlpszF407Io8S+Bkmg==,GB,1443
ANR/yOuIDlpszF407Io8S+Bkmg==,DE,1824
ANR/yOuIDlpszF407Io8S+Bkmg==,BR,1409
ANV+itG/EWnUxxPp9t2fpma7jw==,FR,1985
ANaJzDnkzyeAbkGJI1xImS1+rA==,FR,4787
ANxujmYOWAYu21Pf0JJcQSU8eQ==,FR,9794
AN0hI/9HFMuk+P7lbPBSH8Y3CA==,FR,1338
AOTfQqdbMXA+KQF768xoAMulOQ==,FR,4238
AOXm9rSV0zCY7rxi2JK17XY5SQ==,FR,6404
AOXm9rSV0zCY7rxi2JK17XY5SQ==,BR,1300
AOd8TJLtehFkknQaycyEjPspxQ==,FR,2664
AOwx2BaaAj0jIn0RgtUCZcvUbQ==,FR,1208
APKvZms57yuMYu283BZQO8M6lA==,FR,2301
APK5wIveXKZp97ht28Q5iLRJMw==,DE,2083
APq6gTj5KfoqvCiwDUaQU3EOCQ==,FR,1607
AP3F/4lgd2J2B7UZ+ks4Rhqwjw==,FR,2548
AP8h2LJcVg5re5RbJcGKXMixUA==,BR,1060
AQCKU/4FGaBCAE68QKwqNktQGw==,GB,1702
AQKtXc8XLCpRR77wXvWZvlmy3Q==,FR,2419
AQYeV//Y+ZAV+u53xVYDBAkuHA==,BR,1027
AQoNKlZE6Z9kyN6z+8CTyu5Fyg==,BR,1517
AQpLVVIMtSFu1ZizvSg9twGS+A==,RS,1636
AQvteS1eCWGByEDS5KIdnfMxAg==,BR,1335
AQ1ZxgapwtOHG9l9caQ3hXMCwQ==,FR,11457
AQ3zeVwQZoEeRlKZGM4YhA6ZJA==,BR,3218
ARhAPxfme8kW2EHWuqEGp+N1ZQ==,FR,7598
ASZDA337vR84RxPKw7YfFyReSw==,FR,7899
ASaww7jZUAMz5jn1erJVF5pjzQ==,MX,4171
ASaww7jZUAMz5jn1erJVF5pjzQ==,CO,3974
ASaww7jZUAMz5jn1erJVF5pjzQ==,GT,2311
ASaww7jZUAMz5jn1erJVF5pjzQ==,FR,1314
ASaww7jZUAMz5jn1erJVF5pjzQ==,BR,1989
ASmpfV917uWqDXtvJUeMfLWqSA==,DE,2280
ASmpfV917uWqDXtvJUeMfLWqSA==,GB,1461
ASmpfV917uWqDXtvJUeMfLWqSA==,BR,2408
ASmpfV917uWqDXtvJUeMfLWqSA==,FR,2732
ASzkTMNaqBgPY6xq7T9j3uUg3Q==,BR,1796
ASzkTMNaqBgPY6xq7T9j3uUg3Q==,MX,1797
AS0d8sf67M0KvXqnL06xArZrAQ==,BR,3463
AS0d8sf67M0KvXqnL06xArZrAQ==,GB,1761
AS0d8sf67M0KvXqnL06xArZrAQ==,DE,1578
AS0d8sf67M0KvXqnL06xArZrAQ==,FR,6053
ATFm43GqV/xftieswfM3htilHg==,FR,1677
ATQcva55dSy71ryYz5WlQYDDlw==,DE,1612
ATbPsD019Jfy03M+e2lljTxvTQ==,BR,3321
ATut76BMyzVrMVZr4KhvUvg1SA==,FR,1172
ATut76BMyzVrMVZr4KhvUvg1SA==,BR,1150
ATw4yEJ0Ud3Oef9Wazb35B3L0w==,FR,2644
AT++CN8a4w99KHyc96M25T9TGw==,FR,1244
AUP+RCy1ffxxLeOttdbwJZX86Q==,CO,1008
AUrJZ8PwH5LQzNZ96nlGuSYLyA==,FR,3583
AVE5WQ3OI3HUxOaB1snmdW3CCA==,FR,2959
AVQP/56fQEpu1wQln1XZ1wEJ6Q==,BR,1472
AVa3apaSeN0q0ApIYsiU5wL0UA==,FR,2338
AVqM7OGwWyGHRaLL6EgpDc+j1g==,GB,1024
AV7swM2mRNOxWj2wx6CCgOSbKA==,BR,1247
AV9Q+VaonlmoHQWERTm71Ln/gg==,IT,1144
AWDY0yqMdPo/K7k319tn+1+1Mw==,BR,1182
AWNJQZG3vKNkrR3M0aZz6RpeuA==,FR,1126
AWYfkoj7S2wigV8nLsyJOlESvA==,DE,1085
AWYfkoj7S2wigV8nLsyJOlESvA==,FR,3927
AWYfkoj7S2wigV8nLsyJOlESvA==,BR,1616
AWf6YD/4pWZ2FLafcDQyivi+sQ==,AR,1428
AWf6YD/4pWZ2FLafcDQyivi+sQ==,FR,3407
AWf6YD/4pWZ2FLafcDQyivi+sQ==,BR,5225
AWf6YD/4pWZ2FLafcDQyivi+sQ==,GT,2765
AWf6YD/4pWZ2FLafcDQyivi+sQ==,CO,5486
AWf6YD/4pWZ2FLafcDQyivi+sQ==,MX,6183
AXAEvGgKvPKb/YW8+i/XhexX/g==,BR,1217
AXnipCHFdKlITCo1Ihc8/wd5rg==,BR,3338
AYKqNzx2n77MqAUc1F3x/vmKKQ==,BR,2846
AYKqNzx2n77MqAUc1F3x/vmKKQ==,DE,1328
AYKqNzx2n77MqAUc1F3x/vmKKQ==,FR,13524
AYVOEyg04qZZGA+gT3ej/KAkXg==,BR,1055
AYVOEyg04qZZGA+gT3ej/KAkXg==,FR,1266
AZHHp0c1MYQ9WwbZdxN0BV2DZg==,FR,7708
AZK3O2dLoYUvbdyVJv9iIWi06g==,DE,1540
AZMAqOPjdniYksZigPePaVRz/g==,MX,1763
AZQyXFi/7VQN7k0FwaFgZkOeUA==,BR,1165
AZT6QE1OkLacQXFq6wIoHCdp5A==,MX,1217
AZpvRfqX2aLTMIfFUOV+nBh5LQ==,BR,1086
AZxQl+NpdrngkJv/gQeSTHCCzw==,NL,2427
AaJJuGEBKMcsosbNnfLHEuM5jQ==,FR,1587
AbED1mmIYzCTIZLlcB1aJKuUMQ==,BR,1822
AbkWYl4BV+2B6cGd5gdfb6HZWA==,FR,1302
Abx2gYHRS62NARfEp7Hier8BOA==,FR,2478
Ab31XQlEv5iwSJKIhtE2CVoE/Q==,FR,1071
AcQELRK/YxiI6/4I6qnBqV/2JA==,FR,1825
AcYbCHjqWmCCsDBfwlfLpB8/IA==,BR,1216
Aclm7Fsh+gCCxSdOVWIB/kf/yA==,BR,14107
AdOYPYuujngmZroqWTc6+pcO3w==,FR,2825
AdUCCfRv+DD/VGF2xIcMSuEHGg==,FR,9426
AdcbRpZk6fROwtYigQVs2jMjwg==,FR,1845
Adt0jTm5zIaFlCSOyHuj294rFg==,BR,1355
Ad1Wkn2tsUnY62Zk1TQS2u3N+Q==,FR,3547
AeDP4YPAB/JgGFw3jqSYJjTmBA==,FR,1138
Aea1gqt7I4Xv9+9JjcpvjXivrQ==,FR,1541
AedS5ksCMnor70eaIFhx7o8aZg==,BR,26701
AfGOttUf7lkSh35BkW4G8FZlLw==,FR,1540
AfPgdzAMfZ0lFQaZIH1JkVhN8g==,BR,1415
AfP1yPw7kXcM6vqu5fOKlSWRBw==,FR,1113
AfaOMN+3lnHDdkEHIY0fl+d8dw==,BR,3561
AfcXrK5E2qw5+BKaTO0nD3SIlA==,FR,1295
AfufLXH9rzUkp0zHqLdJpkTrGg==,FR,20727
Af+/6+zkO0H41qNY0E/agWH59w==,FR,1091
AgIGy+olLWWu2Xx3WQhGyvnm/A==,BR,4002
AgQSMpnR/EzDM5cwL/aJegCThA==,BR,7206
AgbqtufxcJt46hd/IULOgpYkYQ==,BR,1392
Agik4EqvDqWSlXot/hp2a422ug==,FR,1366
AgtWZUHBBHJ1YQOEyKMwYtq18w==,FR,4007
AgtWZUHBBHJ1YQOEyKMwYtq18w==,BR,1549
Agwd6FrCNTwGivzMW0beNUPyNw==,BR,1288
Ag9qQZInlhk+r2/lVvBJCclMOA==,BR,2722
AhHsZlMR+CkwVC2ffjOHPRBPhw==,FR,1085
Ahlis/Q2Wr/zM9BgssRMsptOLw==,FR,7372
AhoFkmWFtiTrRENrVXwCq2W30w==,FR,12098
AhshJ8pV7O7boSjdwRwetNEP6A==,FR,1052
Ah/nXVl17R9kUEfOSdJ0GmEBIA==,DE,1245
AiKk6TfYiLWa/KLhfz5YFB6RHA==,DE,1417
AiKk6TfYiLWa/KLhfz5YFB6RHA==,BR,1385
AiNauhV/Nw8pZQDCzv8OrhaN/Q==,FR,4776
AiT8jpsGFLmVm9i4c7aYXH4YTQ==,BR,1160
AieUUZy0aqArU7RHWmaJ5aEHQw==,BR,3652
AieUUZy0aqArU7RHWmaJ5aEHQw==,FR,1933
Ai8WemCMLr9YnRSSj7bjipEm8Q==,FR,9972
Ai/JOtZbt3vJMKb+0W0+ZSag3Q==,BR,1983
AjBRJOOPZXcNKxS/fdwBfzrQ6w==,FR,1005
AjCm9OoNLEIAW1pftahODe1weA==,DE,2318
AjKIUIwKQznqI36l3dluylRfvw==,FR,4036
AjSmiTJtq2acKNesLyBfeJtBOw==,FR,1020
AjYXHthelEitcNrwTN2Bw12Tbw==,FR,2214
AkZvar5TjOJUxzyZL6a6uWx2VA==,FR,1575
Akco35PE11kLpKkNPMzuMOP4HQ==,FR,5355
AkkaD113LiDAwpUHwnMnCg0/zQ==,FR,1630
Aktm2hefPSeC50Ec7WFvbSFyMg==,FR,1025
Akx4kRSlP31dW37gE2pLAgYN5Q==,FR,2142
Ak2hd/zcKQT4p0Ktlbx5kxbSzA==,EG,1133
Ak4CmLs7/iRvvpkUwQehYXu7ow==,BR,3852
Ak8LBru+4fMqDeubUzbR4/FAsA==,DE,1812
Ak8LBru+4fMqDeubUzbR4/FAsA==,GB,1334
Ak8LBru+4fMqDeubUzbR4/FAsA==,BR,9537
Ak8LBru+4fMqDeubUzbR4/FAsA==,FR,10886
AlaySwVSwgAvsgn4A2eveHAO8w==,CO,1129
AluOoPgOTpHu2YwDKOTSOHqqFg==,FR,31506
AlvWMreM4sB3PI2rKQcBpAIRIQ==,BR,6037
AlxX0U7uQ9Fi4jmE+VbE+lQ7aQ==,FR,3199
AlxX0U7uQ9Fi4jmE+VbE+lQ7aQ==,BR,2610
AmO3+bNkLvcrqE0FA9etp9K6Yg==,FR,2071
AmUgEDew/IhRjCk1Eu4B4yHuUw==,FR,1030
AmWnLT1y+rnxmr4tx2qGNGhCJw==,FR,1063
AmYKx7PQsZTVzrHNoH48s/BYCg==,FR,1389
AmfJ6RkcmYrKbTSl+lMNpUyXvQ==,BR,2813
AmxCjCvJruHZS9OxPskwQySqaA==,MX,1127
AnA+GtiRNVmHIjPYsYu/z+Ct/w==,BR,1389
AnA+GtiRNVmHIjPYsYu/z+Ct/w==,FR,1165
AnTHCKPbL78SlnpGd9hHpvg4lg==,BR,1782
AnWc4UUlhZZOG+p/78AYmd0kkQ==,FR,1091
AnX6KA22LhSSRYMxuitqhs6rEg==,CO,1530
AnX6KA22LhSSRYMxuitqhs6rEg==,MX,2226
Anay4GHoh8jARMWOlrLRPvJ5tA==,EG,1124
AnoUOOQqXFhf4YuIhnTRjsiv/Q==,FR,1066
AoSac+uQTF6MJZOBQTPUSLazMg==,BR,1284
AoTGZYYqH7z4ZAoYgyRAgaPYqQ==,FR,1011
Aor7L5Hd7vg/doMZ2xkdxyjnUQ==,FR,1212
Ao8gCE8tR5y40aAwlF1loi9J3A==,DE,14986
ApCewJbAqm32PEVJPJtpnJuZEQ==,FR,1104
ApfuDHa6hmKGlXun+mqJTpOXwQ==,FR,1112
ApuY2ECi02iyBq8GdDkGvtVM7g==,FR,2433
ApucxBcwpUsQ35tZE0Bf+LAntw==,FR,1317
Ap2xYs0sWbEKEJowevb5GbggJg==,BR,1142
Ap2xYs0sWbEKEJowevb5GbggJg==,FR,2970
Ap8rbfm6mEBKMrzKbvkB45KG4A==,DE,7305
Ap9j4DpFp3xTyrDE8HHruh9btA==,BR,2966
AqE4c4ESPVbml995GI60KbusKw==,FR,13930
AqJf2zWu13oPBNDjOkDb0pcyCQ==,BR,1322
AqmMagF4Yagllzev9yE+dkQ50w==,BR,1017
Aq2J+VvP9ptLYFbQoNBrB28W/g==,BR,4018
ArR38dFB9aZC3bzO0uyT4PWZ+Q==,DE,1250
AsGML74q8F0POzKEexwyUdYQiA==,FR,1178
AsOzuJa75m2c191OGriyHMKlpQ==,FR,1050
Asz64Myed0ON/2VqSjJwqrJvaQ==,BR,1139
As9rAb/ePceLoWxirP5N1VFSiw==,FR,1621
AtK4GjOwf2icSkmr6eQVcq8XFg==,FR,7176
AtiJE3ICKqrAZPP68cGjqW4BbQ==,FR,2783
AtnWrMvgBOglo3UQYjbt/0E4Ow==,BR,1179
At41NY7FIT6hOgOTW/RzRwhOzw==,DE,1091
At5pBnCKMcHLmtp0hs1//P9MHQ==,DE,1133
At9OrATRSU6DJ82FBkbGk2hy3w==,FR,14098
AuPwPCrg/NtQyfQBC4jW7PvJfA==,BR,2498
AuPwPCrg/NtQyfQBC4jW7PvJfA==,FR,2984
Auc1bu7G51E2HhIc8wHeMyGKoQ==,FR,2589
Au0uShae7Mtu8HWkD6bMlOapSw==,BR,3736
AvAY9S6E/Com5ztE62+qpYKkYQ==,FR,1282
AvEIGzQN1lmcvyTu+ylVO2DenA==,DE,1150
AvEIGzQN1lmcvyTu+ylVO2DenA==,BR,2216
AvEIGzQN1lmcvyTu+ylVO2DenA==,FR,3858
Av03R6OCF5+ZvbrcTvmpZvPbeg==,FR,6085
AwE9t15qgmbPssAH9yxcJdUcXA==,FR,5786
AwMtEdPBKgC2DjSdHjyp0StJ/A==,BR,1507
Awba/f8+CPcrhPHou2KlsTe91w==,FR,1048
Awv64gOOE+pn7UaDNWryNsvYbA==,FR,2392
Aw2dqnguHW+JTYLZtPmFiK86ug==,FR,1213
Aw7OAVlhk+iNAsIaBrrzCkt0AA==,BR,1314
AxI9LE5NJjLxYywgvz909OG15w==,BR,5398
Ax0QaPMnnjFwcjGfAZoNb12xhg==,FR,4119
Ax5wzOoAbSMnf3cZ4E0jm0cJZQ==,NL,1179
Ax6x57fpe05K8ubSwCRmL848Ng==,FR,1351
Ax7Sj+wXFebem0tYqUIxlqVrjQ==,FR,3599
AyBRXQGt26rtbXAxTP05VPgu5w==,FR,2929
AyBRXQGt26rtbXAxTP05VPgu5w==,BR,1312
AyVZbv4I3NyllCi9ixHYNc0GWw==,BR,5288
AyVZbv4I3NyllCi9ixHYNc0GWw==,GB,1902
AyVZbv4I3NyllCi9ixHYNc0GWw==,FR,6140
AyVZbv4I3NyllCi9ixHYNc0GWw==,CO,1020
AyVZbv4I3NyllCi9ixHYNc0GWw==,MX,2277
AyVZbv4I3NyllCi9ixHYNc0GWw==,DE,1295
AykechUjWp3OIqye/bftA1hOEw==,BR,1203
AzKx/Wo1hpsYj15ntqga7qzKyA==,FR,1530
AzZrDUONVpuBYOU03gB7GiGW4g==,BR,1225
AzbWw3bY7JyRf7Qd4Te+xfxz0Q==,BR,1102
AzjbzFnSa4xgaEjWNxyHHAolzg==,BR,1378
A0CKXD4gT4IkQg3+UnS0SzcUwQ==,BR,1266
A0PODFNZaKL2O6cf7QTN8EoXYA==,BR,3990
A0oTTgQvPeJbCajBM0lkPVq9Ew==,FR,2584
A1IAPQvyWDG54YcflwtzEZXv5w==,FR,3354
A1TdBTHMAkf5Pcp48z5qL6lizQ==,FR,4153
A1TdBTHMAkf5Pcp48z5qL6lizQ==,BR,2143
A1h631a6tfUjie5IG+wE0j8umg==,BR,1013
A1lOMBmlVwx+sy1mB4lfz1z7hw==,BR,1037
A1n+3wuaY7w1felOWCASTTAOlw==,FR,2180
A1uDwcrbleqE+mZ/XjnDdYT1vg==,BR,1044
A1wdfP6u/g0i24y/Ryo6A7KKtw==,BR,1826
A2TkHUZre/O9OR6pK+6f253P+w==,BR,1235
A2XPwq6EKuYq/x6lq0mvA8QiDQ==,SA,1854
A2XPwq6EKuYq/x6lq0mvA8QiDQ==,EG,1940
A2wHDoNFix/cYHy/onP7ODk5PA==,BR,5641
A3icmD0fQuOl+xLvrOV9niUmwA==,FR,15263
A4GNNnLIZyIm2IE7hCQOqSXA4A==,FR,1941
A4JEphsOnKEpudHvYdXWKB2dqw==,FR,3177
A4RxmFX+DbmZgn5DDYE01BSoRg==,RS,4484
A5VQHSMW4/J1oyDk6biKkbitvA==,FR,4149
A5xIqoUs6qQ/bxrxEXBSN1Ou4A==,BR,1038
A5z1Vv3ilRqeAxlKpnS0sqbq9g==,FR,2471
A54N0t+o6Uvxyg2SRjEo4Ozyzw==,FR,1679
A6YNsOQJly3pdCXUvOC7SQBAXg==,FR,1414
A6Y6cb6LfjfWUOqXdwyqqcd+6g==,FR,1122
A6b39/25s2MjASw7/5gHR94wXA==,FR,2222
A6xCdW+hr4cPKb+U+JQ8BJvaRw==,BR,2069
A6xjtiTbllfC8V1iW8nXvy381w==,BR,8149
A62R+7rTdFLJ8iahb7hmM6ft7w==,BR,1956
A68KyCSY/gnMVsKom/XjciJh9g==,NL,1151
A7RgzaQnQPheSnapvwBXvoPSpg==,BR,2898
A7eYBQDPxrxiPrhcCWEnTEgofg==,BR,1311
A7fNeaq4/5QQyBPrqxmKGTdvLw==,BR,3710
A7jVq/yxDfeJV/AE9xUSmY/aiA==,BR,3058
A7x6p+N/92CglvQ2YPFskcfZtQ==,FR,2947
A8If4jhcgb0Dqb+wxX++DXYJkQ==,DE,1034
A8VUpNVwhlFkEpQff7YrWj8bqw==,FR,3828
A8VUpNVwhlFkEpQff7YrWj8bqw==,BR,2248
A8WwqNMhSu4c61FnkLlMuKA1rQ==,BR,1046
A8dJjucrA5uFf1p+0zS18BwAuA==,BR,1102
A8gWJ7U93nPCvDT5xEpe+Rdwrw==,FR,1020
A8kD15tT/75eZxZreJirqAD7fA==,DE,2070
A8kD15tT/75eZxZreJirqAD7fA==,BR,1793
A8kD15tT/75eZxZreJirqAD7fA==,FR,3739
A8lCivmoYOdDWAQownb4+4eRSA==,FR,1042
A8nXTmb/O5H42U8LOnV++0pyuw==,FR,2636
A8xQRDIMznZFl6AjTf1GLjzGAQ==,FR,1992
A80dtVYPwIHeoFvV5754g5x8JQ==,FR,1951
A87tgaDMbcw/17ZNc8dQYCIaWQ==,BR,7477
A9DSkTTT8DfuHgJDx7M+K9uLkA==,FR,5712
A9cEytoFbFUcPVGrYG3Dirwb1A==,FR,1063
A9cEytoFbFUcPVGrYG3Dirwb1A==,BR,1289
A9564bz/EAoJ40Zk3YTeOBjwWQ==,FR,4733
A+GRJGUp0xW+qHRLGq+MJ3eqig==,BR,1189
A+RfQoat/7QThI2Ynh0E9e8hOQ==,BR,2123
A+RfQoat/7QThI2Ynh0E9e8hOQ==,FR,1132
A+pzzwYhunbhsJvYtzCZg0bd5w==,BR,7641
A+47QLTduLD8hkJBMxrIwCaeSg==,DZ,1089
A+47QLTduLD8hkJBMxrIwCaeSg==,FR,103144
A+47QLTduLD8hkJBMxrIwCaeSg==,BE,2264
A/FvuD+DTCjRlx0hlbZZqmXGZA==,BR,2994
A/nGX/IMmyz9o0gkK29Ak8E/tQ==,FR,1174
A/rbDYm8TVsyVcedXk7TgSntrA==,BR,1254
A/sXoOkh1kC5FqGTFwtyNM4zzw==,FR,1780
A/sXoOkh1kC5FqGTFwtyNM4zzw==,BR,2160
A//3Zv6LaGk3X6hU9g5GWgOcuw==,BR,3006
BAFyAZfgzT5WAMPU+ocLSXymnQ==,FR,1047
BAX+mHBZXKvcf0WpLNmzPonL8w==,BR,1035
BAl+vKkph7I9P396lhnfkOuC5A==,BR,2263
BArLeYD6KVfvFlh6zeQ5143kXA==,FR,1872
BA8zh0TbGHKFV+SbdFa6iRVNQQ==,BR,2082
BBGf2tYsOmSVyUztchrKLRpwQw==,FR,1884
BBQnWEB7QXEF7L3Kg1xM5IKuxw==,BR,1118
BBfHLi1sSgTVTJeSEF+X9l+0Og==,BR,2104
BBfHLi1sSgTVTJeSEF+X9l+0Og==,FR,1120
BBhH740pNZ2y/chQgvjDlgFQoQ==,FR,7055
BBhH740pNZ2y/chQgvjDlgFQoQ==,BR,7454
BBhH740pNZ2y/chQgvjDlgFQoQ==,DE,2669
BBhH740pNZ2y/chQgvjDlgFQoQ==,GB,1741
BCEM5exQnXAKw2vI+YKtvZyauQ==,BR,1103
BCaxYAIWWd+yUixVeuLLVY/WWA==,FR,3622
BCeA00opAbFaTtapc8Cr/w140Q==,BR,1284
BCeeuH+qNCBl/3WZY9QwO138sQ==,RU,1329
BCgYY3pC5HnRMhU0/Bnlnskxyg==,DE,1853
BCgYY3pC5HnRMhU0/Bnlnskxyg==,FR,6255
BCgYY3pC5HnRMhU0/Bnlnskxyg==,GB,1487
BCgYY3pC5HnRMhU0/Bnlnskxyg==,BR,1971
BCiuXSCnCHrwmR+Xcar5qlhA5g==,BR,2016
BCycwUz78xkLtTsNlTrF+koTdw==,FR,1698
BC16FbbZBxH7m4ZXWe4JsbgolA==,FR,1579
BDGnGWKhjTdIFN9oc20/hvoYUQ==,FR,2592
BDL7Og9Mm/9uGUDGvtScdgxB2w==,FR,1032
BDRE0FeyJFObsvoL3+V73k6eHQ==,RS,1135
BDnLU0Dsabi3Z8/hQl4eOryGgw==,BR,1413
BEildkp77wSHPJjqbXw1xZcAJw==,FR,1459
BEjYMir017pICbeVUGlW253U+A==,FR,4456
BEjYMir017pICbeVUGlW253U+A==,BR,2026
BErARtntLi/EQ+2rRsZIlSutLg==,BR,1026
BErJC/o0g0BhMkbvv6h20W9QAg==,FR,5401
BFFtahZjonV4BMn/hdZkWc7Ing==,BR,2211
BFKYVbTDr/UuPqrfzVh9LjA4gQ==,FR,1169
BFUWanCY6VPqfa+6qS0qo3DRrw==,FR,1477
BFYe8OZU2DEI0r/5aX6jlz9nTQ==,DE,1389
BFYe8OZU2DEI0r/5aX6jlz9nTQ==,FR,2349
BFg9x7+hmnL1F1LbNhpDa+meNg==,FR,1335
BFleWOs/jk6T+F/WA+Iqk281Fg==,BR,1436
BFt/99dNB+ure4oxafuY+5WNzw==,BR,1113
BGSVTCUft7n6t8sZVGR+NK+aFg==,BR,1693
BGTfgzwdSLN4JmEdLAnILYmtlg==,FR,1389
BGaJyVkGNCQxjYrsUlXX1skOFQ==,BR,3267
BGi+Sy9c1lJsx4iNSunNSPKQRA==,BR,1218
BHv4lyb1RI4Fz0+l2/zAPcFTUA==,FR,1751
BHwoBX0z2R4w0DxhyfINQI7GcA==,FR,2767
BHxIF4PTn3gMYpGdPumNl9JCZw==,BR,1811
BHxIF4PTn3gMYpGdPumNl9JCZw==,FR,4741
BH7MgaBWz8WdkClaNnG/gswBTA==,FR,1172
BH8SfVwNLQ1nFsyOu7SE8dv7Mw==,DE,1580
BIDt3PE5VixRYMkQ06UAbbrlTg==,FR,3840
BIDt3PE5VixRYMkQ06UAbbrlTg==,BR,4892
BImy9Qyjz7XXlH5LzE775gbEpQ==,FR,1437
BIrmNbU7s8s71ISAJC/fxPSUbQ==,FR,3249
BJcnBBJie9rAbUX6B+qiQp5QTA==,BR,2224
BJ+GQ8J4PJTq+QRK7MXNfPNm8A==,BR,1186
BKO4vAV6uIbWUS70SJaCfVUIOA==,BR,3797
BKUbG/6eHYI8GBAlcXS0nUKKTA==,FR,17049
BKW2eoIsavGfQuuzHw9LX2rJxQ==,NL,1592
BKkhUBAYN9gqjdapVKjE+jdGpw==,FR,2741
BK/Ug39V0CPMbyR0vPCMQtNqMg==,FR,13394
BLOJ6DKdWZf0uSO7OW8dvr2nXw==,BR,1106
BLlcHIO99BsBCpU1bE0QObNxJg==,BR,11693
BL2jnT9IZuxnP7H4WYG45cPGMA==,BR,2169
BMGdLSsdLQ0pixECD4sGoKkaMg==,FR,1878
BMRTdPZo3yhHuwpNOiQWl4JaFQ==,FR,5042
BMx8MTshpfm43uUfguDs1RAGTA==,NL,1807
BMx8MTshpfm43uUfguDs1RAGTA==,BR,4427
BMx8MTshpfm43uUfguDs1RAGTA==,FR,27585
BMx8MTshpfm43uUfguDs1RAGTA==,DE,3551
BMx8MTshpfm43uUfguDs1RAGTA==,GB,1765
BNCV5CyNAQp4nLARUMbf2zcKUg==,BR,1597
BNKPz2V01IkH6ryAWJuFfqp9GQ==,FR,2009
BNsZF2nL4RWRD1axwvDn0+ir8g==,DE,1072
BNtkpLL9IpUD257r0/Rg/Tm8Ag==,BR,2310
BN9IbDZjakatoKadHh+7zR4WwQ==,BR,1775
BOZZCAVI4JuDnXrSrzKZUQZrhg==,FR,3333
BOiuwj6SZZSqUKpWL71lZqSQ2Q==,BR,1036
BOiuwj6SZZSqUKpWL71lZqSQ2Q==,FR,1421
BOxrkJcgLSaDbs3+zVPYTsOIrw==,FR,2887
BPFN5ok6qcKzFAMdy+2a0OWyDA==,BR,3050
BPIpZ9UxaN3lL3mcG/ScsjNZ7A==,FR,1588
BPoV+gzyqic45tfnfScuD+gwKA==,GB,2084
BPoV+gzyqic45tfnfScuD+gwKA==,BR,1244
BPoV+gzyqic45tfnfScuD+gwKA==,FR,10494
BQNw5z2RHbM+GIL0jXvh5n99oA==,BR,1562
BQNw5z2RHbM+GIL0jXvh5n99oA==,FR,6490
BQfBfH7d5/HUktG/BgXxZTSKeA==,MX,1259
BQnayXLzjvMxSCELCriv3ne2Ow==,BR,2193
BRCgiwfRnjlccztQjHu2LyQBhg==,FR,6658
BRKfefZrppwuU4YKNs9rH65hbQ==,FR,12413
BRaTV/fAQROkOPbq3TPC8mNGrg==,BR,2808
BReHySlJVarI6jDQJAnAKO8USw==,DE,2495
BReHySlJVarI6jDQJAnAKO8USw==,FR,8427
BReHySlJVarI6jDQJAnAKO8USw==,US,1285
BReHySlJVarI6jDQJAnAKO8USw==,GB,2252
BReHySlJVarI6jDQJAnAKO8USw==,MX,1067
BReHySlJVarI6jDQJAnAKO8USw==,BR,14801
BRzFlPCEoQuq6K0WXSD2UUT0Ew==,CO,3632
BSwBbFaz3CRFwKNWKWWRAe+JNw==,BR,5273
BS1JHuBcETfTzl/BWzRiSh7KPw==,BR,1883
BTUR6qsFn8Q2/psTqZvB6THNvQ==,FR,1171
BTZTFelr0Nt/Kr7gfWbhAnCpqA==,BR,5500
BTfindx23jlpcO1ly3Tawyuzvw==,FR,1628
BTnORSOkr35Ff18Pm9iIPXvPog==,NL,1223
BTvAUqIjQVwciPkXSRDwllXBOw==,BR,3327
BTvBUNAteusfjIP6FmRJvRYdRg==,BR,1271
BTvBUNAteusfjIP6FmRJvRYdRg==,FR,1542
BTvj7gdZWYQZ8gvqhpNn58WUAA==,FR,3491
BTxEkvqhg+GjuXct1b68I6tXdA==,BR,2421
BT1BaE4lLYfYsFLj03IGokd4Ig==,FR,1842
BUEIqoGd4awNADsbhc3u1w7vqw==,BR,3712
BUHYVg3bfF3s1VBNu4rE+d7ZkQ==,BR,1068
BUXW3TYkWadQH+w697X2IZf1ow==,BR,2686
BUeR0+IMAR+b2h9YseCQ7mrRnw==,MX,1091
BUkLQ0c2fNNsb5RGTFjzTr8u4w==,BR,1185
BVOVUyxG+9vf7pYa7v8rZWMqTg==,BR,1171
BVdINUEowUsanLQXK/eHArC8Ag==,FR,39368
BVgiSQcStJY9qniCAFA1C3OKTg==,BR,55389
BV4ysxsD8bI1TIjmdfgb4VkyvA==,FR,2224
BWA2etFy2C9IyhbJmETK7+TRtA==,US,2033
BWA2etFy2C9IyhbJmETK7+TRtA==,BR,10076
BWA2etFy2C9IyhbJmETK7+TRtA==,FR,24718
BWA2etFy2C9IyhbJmETK7+TRtA==,NL,1392
BWA2etFy2C9IyhbJmETK7+TRtA==,GB,4952
BWA2etFy2C9IyhbJmETK7+TRtA==,DE,9328
BXgY/umqYk+P5YTkFwgh14TeyA==,BR,2952
BXgY/umqYk+P5YTkFwgh14TeyA==,FR,10869
BXgY/umqYk+P5YTkFwgh14TeyA==,GB,2738
BXgY/umqYk+P5YTkFwgh14TeyA==,DE,3090
BXqHVhYFJhgLK0awJ71e9Ddwaw==,MX,1207
BYygv82Ur14io826QNlOoFQJbg==,FR,2153
BY6vAqnH5WBEqMaZOP/CKMlwbg==,FR,4408
BY69kXmvLhhmdiXKwXsaHlN0eA==,BR,3178
BY8kegkOWiAGyvuEcRIQkaqdEQ==,BR,6462
BY80Z9XBX3rF0XWRnLnfzRNpJA==,BR,1883
BY/Tw6neVzUeHIzZjEqvcZP17w==,BR,1550
BZHLOkIM8xLZrNlVD2NCO0q4Ag==,MX,1220
BZKuA8VaaOYm9TOm6/GzW3DuJQ==,BR,2540
BZKuA8VaaOYm9TOm6/GzW3DuJQ==,FR,9985
BZKuA8VaaOYm9TOm6/GzW3DuJQ==,DE,1046
BZO5qVLT5KpuPLMESFYHezgK5Q==,BR,3402
BZRkIs64pseMpyB+wBzM/X0zFQ==,BR,5494
BZdbFD3OhYAk1klEae2kFz24iA==,BR,6123
BZ7RKXdrXmpHkcckrsOBomF8lA==,BR,1314
BaEcmhuRZ8iiV+MBw4DvK5PvMA==,BR,1854
BaSjYqWM1KC9amnW7CHejj4aww==,MX,1487
BaZXAKoRcXsRQgM8FJbQaB+nVw==,FR,1033
BaffEW/wUPhKlUEUqQCJAJbcCg==,BR,3489
Ba5v/Sesr74aOK4WtCnmDYrlpQ==,TR,3442
BbIA9Fw8zC5ozRgPQKq97uEOVA==,FR,12688
BbOvpkiY4QfbSNFegpYwRBH+4w==,BR,1006
BbdGEPhqSPU7dksNcXm+Nx1NKw==,BR,5627
BbkblTkUIKVJD0EaO6QzHatQOA==,BR,1301
BcI8lhrRC3/FpK+essdzaphPkg==,BR,1892
BcVQ1VXatSYr2EUYBe9xQR0o1A==,DE,7197
BcpIKNlTjiXzBtCh3tkYMugqCA==,FR,2173
BcrUBIY/5dCTaxjNsoN8Rb6IdA==,FR,1358
BcrUBIY/5dCTaxjNsoN8Rb6IdA==,BR,1278
Bc28daR1IDoc09fNfijMynCwww==,BR,2093
Bc+D8juYpeUVyG6Pvs4Yd2s3Xw==,FR,6442
BdH6ApTBByZgMznyWOESXStOwA==,BR,3636
BdKavkKbkipM/b8VWim4dWSqwQ==,FR,4042
BdKavkKbkipM/b8VWim4dWSqwQ==,DE,1384
BdKavkKbkipM/b8VWim4dWSqwQ==,BR,6519
BdVDwMrDrczJ8WbM/YYapO69iw==,BR,1285
Bdjrta8bgEGYQl4wDA4ab2mmQA==,FR,16316
BeCBXuzhbWOlB2PvPyzRSpIH5w==,BR,1504
BePSIEUpynuAwtxSNEHjeoq90w==,BR,1291
BfKpSxLBjJH6Is/STWfdnn/2gg==,FR,1641
Bfg29dDd3pJP1VPJM0NH0gnztw==,FR,3587
BfqnxZZIfFmxGCE8/kMJUkKK5w==,FR,1367
BgAlK43vYO7lfxPqNNNvNZ0HkQ==,BR,1104
BgBdRXOlXcHc+tFJV3MRAzkasw==,FR,4120
BgSFDJiHB/sUW3+nPzvOHDIgwg==,FR,1465
BggwjJYgWLdxp3cBkNBFdJ+XcQ==,FR,30791
Bglx4/itqgRvrdgp+m8paGhqsQ==,FR,2022
BhuPSshOchL84W8gmXKN1smWlA==,BR,1710
Bh1R7CvhS1OzzMuRMP5QVCeUlg==,BR,1077
Bh++EegF0hp4CXIjxfX0RZBTbA==,FR,2206
BiYqJE5abb70Io7Wf+RFeZJRBQ==,BR,1127
BiYqJE5abb70Io7Wf+RFeZJRBQ==,FR,8697
BifwTCeI9mopqjf9Or9jZxtyTA==,CO,2584
Bis1YwAz3vHlCeltz3zQnpKYnw==,BR,1153
Bi89cIxKTjSvje74G28WDHLJ6g==,BR,11801
BjHMbj5q9DGMlhIydOrJe5DhJA==,FR,1488
BjQeN4Uyps+/GcfL0uVPNHKgcw==,DE,1247
BjQeN4Uyps+/GcfL0uVPNHKgcw==,FR,1920
BjhNRqWpbDAxvXF4mkDNhEMDDg==,FR,1008
BjiKq+qLWDoFwVJvCiHDpH+bOg==,DE,4129
BjiKq+qLWDoFwVJvCiHDpH+bOg==,BR,7825
BjiKq+qLWDoFwVJvCiHDpH+bOg==,FR,14007
BjiKq+qLWDoFwVJvCiHDpH+bOg==,GB,2348
Bjxo9MDCLNumxYDcnlhx51XSRA==,FR,2364
Bjxo9MDCLNumxYDcnlhx51XSRA==,BR,4211
Bjxo9MDCLNumxYDcnlhx51XSRA==,RU,1051
BkRArGpqQiNuYl0yJGKvzn/zTw==,BR,2288
BkRyHkQfwG04tMn+f/Ke3zMoUw==,BR,5757
Bkc2muTqNC+YiLxGjROWXrwBkg==,TR,1674
Bk6hJ/Zmuy90AZUPSz4Hq3gfoQ==,FR,1266
BlAQlziWQHgRRvckwogQfVn3sw==,FR,3038
BlExTOvmLPVkxXI72HyFOnAV8g==,FR,1155
BlGXfRfsFfdSLDPCfdNEXOJ98g==,BR,1028
BloBa13bqI6zV2ggP8CrTbHTAw==,FR,1808
BlwALheWeELexg+Hm7tUIEgqyA==,FR,1027
Bl0i08XfvADf0S/QycJdoWuMcw==,FR,1489
Bl7H7uxSibQO5RGsMntHG3a86Q==,FR,4797
Bl8Mz3esZgAUwKjHZ99mX5nzug==,FR,4231
Bl/TPeO+O3kCkabxQkOv/cnaKA==,FR,1389
BmLOgPcSaN8exXiZIApDYzYBJg==,BR,7919
BmPKhPpe6HS11RdK77xlMpWUTw==,GB,1214
BmbaxxWUPo6pHIo1dU2eUR/WGA==,FR,5655
Bm5xswF172QakRYu9Tes8oK2xA==,DE,1353
Bm7/H2FXAjlN7KRCXqTb/BPFkQ==,FR,4483
Bm7/H2FXAjlN7KRCXqTb/BPFkQ==,MX,1028
Bm7/H2FXAjlN7KRCXqTb/BPFkQ==,BR,2823
BnVEuu+FyapiiF9vIKRE9+TvHg==,BR,2029
Bndd28I/4B5KjScokJf5bTnl/g==,FR,1502
Bnd+qNe8EoY7nMihV/pPLTUvTg==,FR,12325
Bn3+nh7SdVO5xVCGGlZdg4AOqg==,FR,1260
Bn91asMoezpobDw8Aj7GlKqQOA==,FR,2981
BopxttOqxa9pLTyDkXnP4Dlb/Q==,FR,2152
BopxttOqxa9pLTyDkXnP4Dlb/Q==,BR,1431
Bo7wZNFz4NYNvUINppcOnFdxEw==,FR,1161
Bo7wZNFz4NYNvUINppcOnFdxEw==,BR,1683
BpLO0Fz2I1NBnuvbRHkFKdvUcA==,FR,2666
BpPW1/pZETi8wxYAlQHrmmGfNg==,FR,2258
Bps9NnAIQF3NSOB5zqZXWAmTeg==,BR,1129
BqgtFml8xo540Qey8jtvWgGrrA==,FR,2290
BqgtFml8xo540Qey8jtvWgGrrA==,BR,2020
BqhKPy0M8fTWupWET6o3kXOKpQ==,FR,1030
BqmMZttXbOhclaxIXi1Phh/krA==,BR,2882
BqyPp0Ui5cWS7ra60d4+VFnMGA==,BR,5353
Bq1Ex9gTt9dHzP7n7Z1eQiJWQg==,BR,3286
Bq1Ex9gTt9dHzP7n7Z1eQiJWQg==,DE,1671
Bq1Ex9gTt9dHzP7n7Z1eQiJWQg==,FR,4218
Bq3FUlexj+Oi6Jdua0rdHgGpuA==,DZ,1842
Bq3FUlexj+Oi6Jdua0rdHgGpuA==,FR,131449
Bq3FUlexj+Oi6Jdua0rdHgGpuA==,BE,2947
BrJ0DDzSNZQCFWi8N5KJ1gE4MA==,FR,2647
BrJ0DDzSNZQCFWi8N5KJ1gE4MA==,DE,3858
Brl3onuQ8sYMqjJoD/2pCCYFlQ==,FR,1060
BrvdU8NN9sEg5KQ8PZQ1nNsrhw==,BR,7397
BryCMq8g6vVmGYZm3PgMObD9GQ==,BR,1054
BsH2FSBOGpC6TGyyexXUBek93w==,FR,1402
Bsdv0lrnhxyEEaoJ6WvsiuZaYg==,FR,2710
BsrtaSeSUw5E5cgN22rPuR1ZOg==,DE,1110
BsrtaSeSUw5E5cgN22rPuR1ZOg==,FR,4316
BsrtaSeSUw5E5cgN22rPuR1ZOg==,BR,2127
BtH8XNKnRhyf0K0+1RslKgOOzw==,FR,6048
BtIuLs55ZezxK5LQA0SzyzoPxw==,BR,2009
BtIuLs55ZezxK5LQA0SzyzoPxw==,FR,1415
BteBPmzSACcHwy4nyT1vmhB6gw==,DE,7395
Btz+DC8RVpV3eRO+jLepsG9GEg==,FR,2138
Bt/HtOT4wFdPXCkdVzs7ccXCHg==,BR,1474
Bt/HtOT4wFdPXCkdVzs7ccXCHg==,FR,3181
BuAd3YP9ksBVx9NEHqSZGsRrYw==,FR,4777
BuN1OQ9UPNkP2BB9I/CkCvowrQ==,MX,2254
BuN1OQ9UPNkP2BB9I/CkCvowrQ==,DE,1777
BuN1OQ9UPNkP2BB9I/CkCvowrQ==,BR,13355
BuN1OQ9UPNkP2BB9I/CkCvowrQ==,CO,1531
BuN1OQ9UPNkP2BB9I/CkCvowrQ==,GB,1902
BuN1OQ9UPNkP2BB9I/CkCvowrQ==,FR,15269
BuRIJ6tJ/8euioVtHxDnt+piVw==,FR,7067
BuTw7lB0q/HDJb8V3pgLLwd4wg==,FR,9336
BuXtLdseSQpbZiUEBawszuAMYw==,FR,1539
BvMbSBYrUxyduvIBXwjkg9hhrQ==,FR,1445
BvNzBY+/KhfTNGrNwTvcHz8W1w==,BR,2001
BvUUeKyIv4uGzmQ1hSGon7/lUg==,BR,1167
BvUUeKyIv4uGzmQ1hSGon7/lUg==,FR,1222
BvtRqXEVYo5rsFldVLsCCyhqEA==,FR,1761
BwHWulWWcSrCayJhvyjMjvZjLg==,BR,2420
BwVUWbzGQlGdP4irk9hsQUDtiA==,FR,4198
BwVUWbzGQlGdP4irk9hsQUDtiA==,GB,3564
BwWi9wZ1bY8FlaXQNYxXhxiGVA==,DE,1224
BwWi9wZ1bY8FlaXQNYxXhxiGVA==,FR,3046
BwdnVSEsoV6ZVAj+mHxM3qz8cQ==,FR,1321
Bwf9Cu1igMzoqv9iu6QZAYU/Ng==,BR,1401
BwkLA4AIvgzZaMxBw7E8DzTYng==,BR,1573
BwrphbXTHCUAPzZFJpssW6tIzw==,BR,8729
BwtxRXlcl8i+SZuZNEP7sZ9k9A==,FR,1518
BwtxRXlcl8i+SZuZNEP7sZ9k9A==,BR,2642
BwwPm0hn2n0nF28Ra6Yjd9kzQw==,BR,1324
BxFqTxeFADLEQkhiCT+2x+0ARg==,BR,1308
BxJ1tj3UVYCqiwDsOGp415HOYA==,DE,3057
BxKAv1yXGcdtIgtJtZCIeDxh1A==,FR,1019
BxdWxQa7gluMJt9lSigELvxQhA==,BR,1200
Bxd5HhCxE7i8DX2U0OjdKyxfQg==,BR,1143
Bxp+P3gF+xJ0SAyDZzwqbqd6yw==,FR,1830
Bxp+P3gF+xJ0SAyDZzwqbqd6yw==,GB,1272
Bx2c8lgKOFeHCAuHDCJrAwiIPA==,MX,1958
ByCejdy7J1SvNd7nY4ZY45rzTA==,BR,1955
ByE96UbQQqIOUtTQRCy5CZMWEQ==,FR,1405
ByfH4ZBlJRJi1BheQaWLjjA6Vg==,DE,1042
Byg7E2H83T18l/Zv8SXUwh6F9Q==,TR,3517
BzRx4UXrulA8w3mzObn3LlvhfQ==,BR,1404
B0pOa4z4Ir4OAdY0il3YVP2d0w==,FR,1347
B0pOa4z4Ir4OAdY0il3YVP2d0w==,BR,2183
B0pyYQBv47kgDqJrvPXlF4Yx/w==,BR,1499
B1MtabN7aV/dKpjTwMArQ2N+lQ==,FR,4185
B1PG2o0XM2+ftc+xud/Z7T74lg==,FR,1451
B1jLak0mb0r2a05d6pcU8OWNUA==,FR,1365
B1jLak0mb0r2a05d6pcU8OWNUA==,BR,1412
B1lUFGsDifRv19nFsFe6YhAqAw==,FR,2862
B13CgHD5AyjuQFxeev8Z488YEg==,FR,1403
B2PHmzlLN/2XwWyat4NU8QI6UA==,BR,4573
B2QYYWhOpcOt/66Bn54u0KKq+g==,FR,3474
B2lcqAQ7KBf9UAexZJI/hWx/+w==,FR,1157
B2uwpETLiMFVnnrRt0b+lqcCjQ==,FR,2009
B3IxCJWt3uHnJnu/U0x3/F5Yqg==,BR,4076
B3fLGs5iRwBjf2TEnwjJQ+t71Q==,BR,1992
B3l+2DKn/H8C/CkWxBJ3hUkXEw==,FR,3917
B3yjoNc8wCWKuaKO1ARRo7geqw==,FR,3760
B32RfUVaYnmrnVxt9Gb4I8PZnw==,BR,6110
B4FAeCI287axk/1XvEPy20q8jg==,BR,3556
B4FNy3xNaVSg5Jf8kpObuWhfJg==,FR,25536
B4IDFDlK9WKeMttMgpNqK0GryQ==,BR,1959
B4IslQzpFKmPzZs6v0Akh4Jqsg==,FR,2055
B4TJcm83V6Xv6XyMCEM/q0IOJQ==,FR,1250
B4ZZiEoo3HImgjl3tqOukiSHtg==,FR,1457
B4gWYRBgMjPWrexHfqiTdvVI2Q==,FR,14398
B4pBKNVe9GE9U19wXzIJ14o2gQ==,FR,1093
B4pMegEK9NxGqN8osHSPNBCxjQ==,BR,1759
B44jgstWJsiYd2aFYva0fbMEbw==,DE,1899
B5D0Xqo128Zji+3EzmJpjXBadA==,DE,2961
B5nvXzlBns3/3n3D7y1ywVZsaw==,CO,1613
B51Vty0wBW8sRdH++DeHhkwbsA==,BR,5847
B6VX6YbegqU1apCZn80EVgqdRA==,FR,2734
B6YZE2Nvxj6GUJBQLxj7hjQEQw==,FR,10854
B6unz6kdAnwGV6+HB787rEWHWQ==,EG,1969
B62D49jECvvFGzAhmttHGuKj/Q==,BR,4184
B63r1hXqhfNJxPGtiZJVl2AOjg==,BR,2384
B65vQDJNh41ofbxakOr3qBc7ww==,BR,3103
B66RgDljaxZk0J/DypLZFObAag==,BR,3075
B7CTiqHImBNz9w4WGo5YK5P6xw==,BR,15950
B7pWIRS+VoQX5+3DmQiaTIDcaA==,BR,1088
B70QbjRKe1lL91PAAmtwkghuXQ==,BR,1804
B76FsJ8YEdabNK2q+5TvwmWruQ==,FR,2987
B8hliuEbrmIzgh/0u3EKKYXLrA==,BR,6169
B87ptoZHCHSDFiNkfbExjJiDhA==,BR,2119
B9U9s8EXdMi4JT/+gfTGZNNWQQ==,BR,1430
B9cuYhYaG9tL1OAGSsYYkHmQGA==,FR,2001
B90+TdulRRc6lkP6cU94ZHRHKA==,BR,1278
B+FAmlZUTSEtqCjRsMETk74qTw==,BR,9773
B+Iq3RApig6xjvtd9Mque3efdQ==,BR,1220
B+J4l66gbYpMPBuRmsupvuy0oA==,BR,1174
B+lGhPikrx2s8IwCKXgJ8JU90g==,FR,1798
B+mc1iuP1Hk2CnTsQHaplCsA0A==,BR,2282
B+nVmBu+O5e7BvDm2UtE0G8jqg==,DE,1815
B+oEP5bXGHlASRF+Gp/l3U9HcA==,FR,30936
B+v5SSOG1p66hkbbpfzdS+ln+Q==,BR,33299
B+wXs8g/MNqm3WUa0aGlhpDKeA==,FR,1232
B+zet+QWy7I41ReGu7JJdekEbw==,FR,3060
B+2ze8pxPje2qsP/nll0VNFI8g==,BR,2711
B+38U0V2gd3HxXgPisZx8tRccA==,MX,2599
B+38U0V2gd3HxXgPisZx8tRccA==,DE,6720
B+38U0V2gd3HxXgPisZx8tRccA==,GB,2478
B+38U0V2gd3HxXgPisZx8tRccA==,BR,17739
B+38U0V2gd3HxXgPisZx8tRccA==,FR,28814
B+38U0V2gd3HxXgPisZx8tRccA==,NL,1106
B+38U0V2gd3HxXgPisZx8tRccA==,CO,1265
B/CHC4XwTe+hv12UH5cmcGQ4+g==,FR,4297
B/SIkVOeCuooJLpFDV+XKGI8kw==,BR,1236
B/SIkVOeCuooJLpFDV+XKGI8kw==,FR,2422
B/UEgnmp4RDZtyhJWhOE6nevig==,FR,6688
B/X1FjGDVtXdE96BvLeNfzP1BQ==,FR,9509
B/X1FjGDVtXdE96BvLeNfzP1BQ==,BR,4714
B/X1FjGDVtXdE96BvLeNfzP1BQ==,DE,1004
B/hmUex8MxeukpiDbGOJ92DzLg==,BR,2001
CAJH1ixozgML7OffatNaE6laeA==,FR,2442
CAJH1ixozgML7OffatNaE6laeA==,BR,3339
CAYp2OqkCNIsBczbBdK0H1uRzA==,FR,25859
CAiMWuwfF65urDjQ7PUZfNPiIQ==,BR,1064
CAiWFEFktF52ON+wqoUrOkUQVA==,DE,2753
CAiWFEFktF52ON+wqoUrOkUQVA==,FR,19184
CA4eSW2zXy0n9h9A+db8JmS/Ng==,BR,1231
CA9EGcvCfFsRg3DeQtq/c989vA==,BR,47883
CBIqblhG/bSAaE4OGR2FLfCu1g==,FR,1155
CBLQB+Keah5q3flcJrl7wFgo1w==,BR,1346
CBsoczVz5F0D/J/wQiNemZWTDw==,FR,1530
CB/A7fbijbjXoJwOrb8tTAu4FQ==,DE,1440
CB/A7fbijbjXoJwOrb8tTAu4FQ==,GB,1022
CB/A7fbijbjXoJwOrb8tTAu4FQ==,BR,3186
CB/A7fbijbjXoJwOrb8tTAu4FQ==,FR,3831
CB/CdwifjAR3ibGe/IQVXro6mA==,DE,1443
CCAPJZ5Dg6l/mdtakL3GA8Uu0Q==,FR,4913
CCF8PdK5onpIfZE7qwrMS28fgg==,BR,1195
CCGizAuoukGKug9bcsjmTnXSPw==,BR,2132
CCHe+0pGkRQnipn3Xdo+RyQnSg==,FR,4279
CCUB15ulm0+ZvwWwLZi7FyY/jg==,FR,1787
CCZwC/KJShwkYX3JRjD0dCnHRw==,FR,1961
CDKQJyTcQOD1+8et7ZdFL2XoKg==,DE,1197
CDfxalGxSkFPV7py0tfXL4JDaw==,FR,6028
CDgqqTu5lRWeritHtezJZ5wSHQ==,DE,11155
CDh/8HT8RvVqLynRCd1hHLOpqQ==,FR,1332
CDnGbjhY/pfkbnLQ7UC3GPuISQ==,BR,1080
CDtd/wqnoNUGdwEY8+/n8eRB6A==,FR,2353
CDxdJClNcyo1Pl2TH5fK/JtTkg==,BR,1146
CDybWiaoKCPgL6hT6K2J14/h7w==,FR,6679
CEGjSRsfe1qax5G19DEGSHlwVQ==,BR,1007
CEXDFSkOtRmsWKwsPJWWpuEfjA==,DE,1173
CEXDFSkOtRmsWKwsPJWWpuEfjA==,BR,4811
CEXDFSkOtRmsWKwsPJWWpuEfjA==,FR,4709
CEtvHytFkCUjAYp4iFWGT5Io/A==,FR,1045
CExRegAXE91jFuzc4j5/ubryUw==,DE,4205
CE7CZjVN4HwGh2eJzQn6MlBxEw==,BR,14840
CFJd/dCDTfbKhLewS/flpE5UhA==,FR,3248
CFPQlNh+HwgE/q0xR/OiVzEX7A==,FR,1780
CFPQlNh+HwgE/q0xR/OiVzEX7A==,DE,1279
CFPQlNh+HwgE/q0xR/OiVzEX7A==,BR,1847
CFUWeNZ+zUURUCgpt0X/1GgYTw==,BR,1971
CFUWeNZ+zUURUCgpt0X/1GgYTw==,FR,1520
CFihrh2OV8lteJwfBfXlB4ylRA==,BR,1491
CFpgeViHl14Z4iocn9ZcaTq3zQ==,BR,1002
CGNF2nu9AucuWY8fx2xce9kStw==,FR,1366
CGVy8zRd3QiMpyvKO2Z4hyi2nQ==,BR,2269
CGgJBggwRdWUbJm4uv+Vfpmjig==,FR,1851
CGgJBggwRdWUbJm4uv+Vfpmjig==,BR,3140
CGk3bWLGH9k9VLMyorjQI55p+Q==,DE,1507
CGtPX0LGp71SX4+hRSGo0WvYnw==,FR,1706
CGxSvTsR3FBRLq5jKK4OnQjMRA==,FR,1275
CG3ZtEbFreaqzP2j7rHGwC5bJw==,DE,2061
CG8A69wa+C8i7JQw7kkyJOHE1Q==,BR,2078
CH0JLvvIL2JK1bSF4dxvHzlYEA==,BR,3362
CH79MKPZZnwvZGCkAb9/3vX8AQ==,FR,1366
CH79MKPZZnwvZGCkAb9/3vX8AQ==,GB,1775
CIGoM+4jCxtwiQW73mUOtGS5Mg==,BR,3651
CIT7h0KsNZTHl1mIvMLU1iSbOw==,BR,1462
CIVx2U5Yqlz2NXwZZG7NVtD3Nw==,FR,2908
CIVx2U5Yqlz2NXwZZG7NVtD3Nw==,BR,2901
CIp5vs4QrSOJqcg0Czh+80+GIA==,FR,1965
CIuQae501R7q66jcgeDveLAgrw==,DZ,1841
CIuQae501R7q66jcgeDveLAgrw==,FR,67808
CIuQae501R7q66jcgeDveLAgrw==,BE,1640
CIyZ9wQX6v7QNobv2KSDqfjk5Q==,FR,4796
CI94e6F38rzhlQI2FPf/lTDeCA==,FR,1830
CJO/uRGhtpq02pvl9m7xP872ZQ==,FR,1539
CJQSkBmPZbvAEiQqFn3d4z6G+Q==,FR,3520
CJTrMc9SB++V/Zo1NCIXVQeLUw==,BR,9847
CJjJCbScNtd34KNLECHyCn6Bmw==,FR,1828
CJppoNZrG7HEnjCq3QH+hiXSJQ==,FR,5443
CJppoNZrG7HEnjCq3QH+hiXSJQ==,DE,1256
CJppoNZrG7HEnjCq3QH+hiXSJQ==,BR,7442
CKaPW2cHU7C21LoxcAh6ATx+WA==,FR,1892
CKvlJAaXtP/8Y/ZAEed8XGFUgg==,BR,1115
CKyZGFjy6TRyuL2efJAY1dBa6A==,FR,7635
CLbVfIw4Rs0UxUsSrSIIU6G+NA==,FR,1220
CL8Iy5dmmGsINYgaSwhi6lfd6w==,FR,1055
CMSujaGxC2dRS8aDRkZHjAgqIw==,FR,1760
CMc6/ILuEsYy+S1JRbY3EyPwpA==,BR,1008
CMgPueHn8G8tluu+xLcEwTAv1Q==,BR,2293
CMyiuQFW7Kc9YJI8jjXQ2XUByw==,FR,3626
CM0S4rybFeOWS0itXZGg4T2RFw==,FR,1443
CM3ttw1ZXH9Awtadb3Q4qLU37g==,FR,11610
CNARAheZ0Z3Nla+806KpwDUP3w==,FR,2992
CNJEyZk32HliopPJiVwkUkbmtw==,FR,2413
CNJEyZk32HliopPJiVwkUkbmtw==,BR,4437
CNMQ9eErPqfKPrpf1ez0QZjC/w==,BR,1351
CNS+oaur3dDTIqYugDzPRqbMQg==,FR,16184
CNsQ4NwLWtwUqCg67OLRcXKvkg==,GB,1273
CNsQ4NwLWtwUqCg67OLRcXKvkg==,BR,5432
CNsQ4NwLWtwUqCg67OLRcXKvkg==,DE,1267
CNsQ4NwLWtwUqCg67OLRcXKvkg==,FR,5688
COHhq8dQG8Z6aFo+NZuZLgzCCg==,FR,1162
COIByn+BhVkLNuF2cACIFpovCg==,BR,4139
COPB+KqzRA6/hlUs8uQXUHj4dQ==,FR,1329
COcc8aS9TPZUC5eE2z/iSKl1UQ==,FR,2064
COqPfB9H3ablzDz+im15MmHPVw==,FR,1352
CO3LZPViSSFQVQfDef9OIz/7JA==,BR,8754
CPflUv7WEGsdql0Sj2vXwYX4vQ==,FR,1251
CPguDzQmTz6N0YnQ8KeXmfScKA==,FR,1847
CPguDzQmTz6N0YnQ8KeXmfScKA==,BR,3365
CPllua2le/PhvRvgJmFd3mFdPw==,FR,8272
CPltim++67eae8Xj6Ox6hhnepQ==,BR,2288
CPrU5nhuuVLPM/iTrf1eCOWjzw==,BR,2571
CPt/L1/y6Kd5dXubKZzpP3eFmQ==,CO,3057
CP0aOY2XrIZtfe6OO/h/9e/Tag==,FR,1602
CP+mOLbkZ1bzMS/vMU0B0DbEmQ==,FR,1157
CQHp+X+wMZFTXmVyyQO/ubRKeQ==,FR,2421
CQQOraz2ddMAXW019aPpMkiJPw==,FR,1137
CQZQAkwaCyeb1oUmKnNo11xoGQ==,BR,1212
CQZ/F36ODK82I+UG0MsgTy8pLg==,DE,3162
CQl5Nml/dYgoUj0RRkQHyI2/RQ==,BR,1776
CQm3xNdrxOpsUYz1g0GvS2J/gQ==,BR,1164
CRDL66knY+nfoLmOUusjQVcPOw==,FR,10109
CRDL66knY+nfoLmOUusjQVcPOw==,BR,2165
CRDL66knY+nfoLmOUusjQVcPOw==,DE,1079
CRDL66knY+nfoLmOUusjQVcPOw==,GB,1261
CRmnHDz565UHgjVKKHd8nbTJQA==,FR,1462
CR3y9JNA1Mms1mqKMzsuFr5xqw==,FR,1547
CR8KLeSHUE9tkt+zpHRLQKOHjQ==,FR,1626
CSKHcVrKZipr6+MbK1+nwrtBSg==,FR,9521
CS3YSo3zvRfucHTwPmzaT3WEjg==,FR,1953
CS9q0bIPoJOPltNqg6UfYKG/ng==,FR,11465
CS9q0bIPoJOPltNqg6UfYKG/ng==,BR,1662
CS9q0bIPoJOPltNqg6UfYKG/ng==,CO,1316
CS9q0bIPoJOPltNqg6UfYKG/ng==,DE,1871
CS9q0bIPoJOPltNqg6UfYKG/ng==,MX,1406
CTFV5g+RxNQgKoYhvp82YNO45Q==,BR,1535
CTJuimKjEn1pwyWuG38we18oNw==,BR,1168
CThDk5hlwJ43W2KUqb2GQPU83Q==,FR,2260
CTjDyIc4FI9CMMgD3VWv9SsdeA==,FR,2674
CTnrze2/9Blqt58hhvRyJEJaxQ==,BR,17164
CUECZVW9bo44QlbNuSr7alp38w==,BR,6094
CUIoM5Qip7ysoCrGb00ecQCYxQ==,GB,1568
CUltc+cCgD5XtEYZ/hQ0li1fjQ==,FR,9164
CVAMETAvPK3c3GrNIZZgJux5Ug==,GT,1112
CVAMETAvPK3c3GrNIZZgJux5Ug==,CO,1418
CVAMETAvPK3c3GrNIZZgJux5Ug==,MX,1935
CVAMETAvPK3c3GrNIZZgJux5Ug==,BR,1672
CVIXaztCClEc/Q+up87gxyfhig==,FR,6187
CVPbW75hUGNSYQBxHwsLXfAovg==,BR,1108
CVlJUMkiMN56xC2vkFFNzQfeIA==,FR,2691
CVlcPW0RJiIDwaYPvv/2SXibcg==,BR,5191
CVpDN/pw7hCc1mnMpwCLianGxg==,BR,2201
CV5nPw2KYZ5RZsd6gdpwqBm3jw==,BR,1724
CWK2JvDKAX2VfqzG2SvVTl+a1Q==,BR,7529
CWfvA9/yosl1bm6VDCgsVvI1PA==,RS,1397
CW21B90TQO03ho9YlRH5xd2OCQ==,FR,1434
CXABLFtX1kyG8uQ01FRIzedvKg==,FR,1836
CXA/+pabOzzmbtCjqaLKwTgF9g==,FR,104838
CXA/+pabOzzmbtCjqaLKwTgF9g==,BE,1539
CXGnPRs+UFgoBi7UZ/XyYgpTXQ==,BR,1052
CXetF6R6qYnlRImrcQ8plzVdTA==,BR,9770
CXonPu050eWE/WS+HsmAFQMYiQ==,FR,1739
CX36ZaNVIAs2DJIuVyj29UmzhQ==,BR,1014
CZAnfkpOcZuH/1YnqfZhINiLsg==,BR,1033
CZAnfkpOcZuH/1YnqfZhINiLsg==,DE,1446
CZAnfkpOcZuH/1YnqfZhINiLsg==,FR,1521
CZEF+Bahocz1h0F3qWBwU6s4wg==,FR,27377
CZOgjAfV6TdNkn6mTkQ/gg0trw==,FR,1349
CZic65iBsVUWDXcqCSa77vcY5g==,BR,1203
CZnA+b0ops4Vu2TKItED83vYFQ==,FR,1097
CZ+3vCIZns050UJhltytKIXRRw==,BR,7516
CZ+3vCIZns050UJhltytKIXRRw==,FR,2680
CZ+3vCIZns050UJhltytKIXRRw==,DE,1028
CaErq5lQscSvrdal4Nd5nVEX7A==,FR,1288
CaO5YHqeXkuMca6qKMK/ufbB0A==,FR,10410
CaO5YHqeXkuMca6qKMK/ufbB0A==,DE,1078
CaO5YHqeXkuMca6qKMK/ufbB0A==,BR,4716
Cac8dpMBlO9t667Uvcd6LJxV1w==,BR,7671
CalmU+9OeNCwidEBbYPGIXxsyQ==,FR,2835
CbnEVSASxWZtwRiACqbOYFJROw==,BR,1806
Cbvh5HHH4hRivWpKLry8nTCTCw==,FR,8583
Cbvh5HHH4hRivWpKLry8nTCTCw==,MX,1016
Cbvh5HHH4hRivWpKLry8nTCTCw==,BR,6766
CcEIuG0YYCAm3HlkLpfjBTcPqQ==,BR,2976
CcRxsBHI67bcuVDGCRlswgPBvA==,FR,1265
CckiW0W9ZeqlZR75ANusJ+0ijQ==,FR,2772
CctJW0qbrPuj2LwuSWAIhu78/g==,BR,2745
Cc5t6Gue+bCd+chi7GIWvYUQNg==,CO,1782
Cc5t6Gue+bCd+chi7GIWvYUQNg==,MX,2364
CdCa8gWjYjVUUsaUpuH03eGvhw==,BR,1637
CdHpdbw1B2YUxsAgI+vGE9SkkQ==,BR,1604
CdT4NTLulb6nSeaPH9tRDW21dg==,BR,1727
CdabsW+mIMljWfKwI0kXlw/gAQ==,BR,1997
Cdf5hPW3JRYpGoS9RcMmX7aTUQ==,BR,2354
Cd0tLs7nfvLDJKQbol8ljxHLZQ==,BR,5460
Cd0tLs7nfvLDJKQbol8ljxHLZQ==,DE,1507
Cd0tLs7nfvLDJKQbol8ljxHLZQ==,GB,1275
Cd0tLs7nfvLDJKQbol8ljxHLZQ==,FR,9560
Cd+73LhCkf3ElM0ShbkIkLwwPw==,BR,1112
CeGz+RuPdiugCZFSh/O1ASAPxQ==,DE,1557
CeQdOuRckLKSej8C35/bxoT/tA==,FR,8718
CeS/WyvPPgObhqXCziQd+yQZcw==,FR,4790
CetDzwzQvygXE9SYhbtD5s3sFg==,FR,4532
CfC93PF55PLgOOukWGJ8jZeLrw==,BR,2041
CfgKlwPqed5nUqEE6McElCPuoQ==,FR,1047
Cf/jH4Von9xahhRCnmItNQIabQ==,FR,2033
CgTLSgPifvlbblmW8Gn5kl/mnw==,FR,1148
CgU8qxXYnyPC+MH6fARn+IN9mg==,DE,1892
CgiMWYA5avyGviYAt6fNllAVIA==,FR,2033
CgiMWYA5avyGviYAt6fNllAVIA==,BR,1428
Cgj+FL9WYoFGg+J+sBZqm5mK6A==,FR,1453
CgtdBeFXjMDOAnG9Zx/rp9V4Dg==,FR,1974
Cgz4KOaBjmWnMx+t5qrr6zrJfw==,FR,1489
Cg1Olulv3xlzAV9smq4Rm83KTA==,BR,2950
Cg2wkdkTwZxCbN1EJMICAOYwhg==,FR,1439
Chj3s1lmV8gZGhBgluAdR9BZqg==,FR,5908
ChmLrsHU8POtIAsJviE4VKDIYw==,FR,1675
ChylP9zezsh3cF2/U9qYzhM1NQ==,FR,1061
CiGFpglsw27/fMtPD6R+4f6R0w==,FR,1051
CieIIDSudlA1iFXUVaPwdEv1CA==,BR,1495
Ci1usMaGHcAMwt6p4ddX3N4T/A==,DE,1033
Ci3Pz6INsLDecv96vuK90YddKA==,BR,1397
Ci8kzCD5KSirga89tkTD6xf7zg==,BR,5617
CjDBfIeWDyg10aMX6q0lpvSNIA==,FR,4260
CjXNbS0KsPNZNiDBfVJzZ3d6Aw==,RS,1864
CjbPO8GSKN1loN7D5cp6b955DA==,BR,14287
Cjl1W46XxTLP9QZhIV32/0kHJA==,FR,1731
CjusiJanBMNPHEuHJUy0Npra3g==,BR,47904
Ck+6oAghrs30Y2tEAn2gMs3tzg==,FR,1845
ClRoS30Upin2E68Z3i8T3SFv5g==,GT,1888
ClRoS30Upin2E68Z3i8T3SFv5g==,FR,1013
ClRoS30Upin2E68Z3i8T3SFv5g==,CO,2890
ClRoS30Upin2E68Z3i8T3SFv5g==,MX,2538
Cl8BBrzQgxayYHgLUfdyMMEIXw==,FR,1153
CmBHFxVH6ugNJtqDl8ojsGV3lg==,CO,2232
CmBHFxVH6ugNJtqDl8ojsGV3lg==,GT,1310
CmBHFxVH6ugNJtqDl8ojsGV3lg==,ES,1241
CmBHFxVH6ugNJtqDl8ojsGV3lg==,FR,2896
CmBHFxVH6ugNJtqDl8ojsGV3lg==,MX,1780
CmNHmkCAmmIdGzmwjpQSnZGuTQ==,BR,3406
CmNHmkCAmmIdGzmwjpQSnZGuTQ==,GB,1052
CmNHmkCAmmIdGzmwjpQSnZGuTQ==,FR,6090
Cmb05wbHLstJD4pkVYk0YA2yhw==,BR,1590
Cmp+6lo7LyJMS07NhkLqLBYa4w==,BR,8016
CmumiecfQWF+eWaouYEioSfTaQ==,BR,28432
Cm5mgNgWqDqW2OlBtTCOa/4Hdw==,DE,7945
CnC0pXgDXGudY4UmUVuPlPOx+g==,FR,1485
CngNiu7VVb3eRJ7Sy3k71wWT4A==,CO,1083
Cn2Rul2/BxnTnrvGgKFC/NY01Q==,FR,1983
Cn9g5YriWoH2E9Sl0h64YqG0PA==,FR,1217
Cn+HjPr1yFiKjZs98p78iHUcEQ==,BR,3053
Cn+QB+5tz4uyOXIN/gMqoj1PMg==,FR,1259
Cn/Zr/QPqPcXPWV//Qe2EGye1g==,MX,2753
CoBKZQXcdBZnzaa4uWOPu/Oxlw==,DE,1352
CoEFfwL6GayxjSvj1dw4FuL9jQ==,MX,1723
CoNjYF8Gok5OJ5+RZzg3oBVYWA==,BR,1189
CoToxOiWOGxVuYhUBE9kFWcuqw==,FR,1189
CoaTFrL2+lTT27yLcvtwDJGjBg==,BR,1022
CogIxLoCc6zia35Kkl8CObkrjQ==,FR,1603
CpU+XV7Fqfpp9e5nNyPSfhjUZA==,FR,4729
CpVahDN/t7k04F60UGzWdUuMlg==,FR,8943
CpkZf5bNtPkl6AHeq/CMH7sTrg==,FR,2222
Cp0awnH4c2u59Ott6Mul7ZOPVg==,FR,1578
Cp1XQkgl5F1UUUr0YoCCPFKivg==,BR,16147
Cp34BNwTK/iGazMsSStPdvCDmQ==,FR,1548
CqOeBA3dDgsxSsX6kJiWHOCz1g==,BR,1233
CqOeBA3dDgsxSsX6kJiWHOCz1g==,FR,4735
CqPYLBvpWNK85Vxiqvnukw3d6g==,BR,3847
CqQIZRB9m+giw76Cw5JsTkgkeg==,BR,12551
CqVRwvUeKdy3pNib5GaIrX5xIQ==,FR,2167
Cqj1G51wzMxN0LJp1QD1/GgzSA==,FR,2512
CqpKTqbUSnYQBHtTUJsNnedEWw==,DE,1543
CqpKTqbUSnYQBHtTUJsNnedEWw==,FR,8197
CqpKTqbUSnYQBHtTUJsNnedEWw==,GB,1140
CqpKTqbUSnYQBHtTUJsNnedEWw==,BR,8680
CrMclPIcKLkajpxKkBJg/EyU+g==,DE,2085
CrMclPIcKLkajpxKkBJg/EyU+g==,BR,2872
CrMclPIcKLkajpxKkBJg/EyU+g==,FR,9489
CrMclPIcKLkajpxKkBJg/EyU+g==,GB,5682
CrhrPUZueeRGWqUXWjyxuh1/9w==,BR,1286
CrlgLlmyOV/IW1TplQh2tHof7g==,DE,2217
Cr+ePBfQ27oH7p2X5hBZJzT3BA==,FR,1628
CskomX/+Fut1ELskLestVIrkGQ==,FR,1397
CtKoxUYK9DLjxCM6h0aQRv//uQ==,FR,11100
CtLQjFe+dj4/WvPqn/NmlaE5rw==,FR,1222
CtY/2KS5sREilkec0NOC7hQM3g==,FR,3690
